{
  "lang":"de",
  "name":"pipeline",
  "version":"0.0.0",
  "spacy_version":">=3.1.2,<3.2.0",
  "description":"",
  "author":"",
  "email":"",
  "url":"",
  "license":"",
  "spacy_git_version":"e1f88de72",
  "vectors":{
    "width":0,
    "vectors":0,
    "keys":0,
    "name":null
  },
  "labels":{
    "tok2vec":[

    ],
    "ner":[
      "BBCH_Stadium",
      "Erreger",
      "Kultur",
      "Mittel"
    ]
  },
  "pipeline":[
    "tok2vec",
    "ner"
  ],
  "components":[
    "tok2vec",
    "ner"
  ],
  "disabled":[

  ],
  "performance":{
    "ents_f":0.8952380952,
    "ents_p":0.8928759894,
    "ents_r":0.8976127321,
    "ents_per_type":{
      "Mittel":{
        "p":0.8348623853,
        "r":0.8348623853,
        "f":0.8348623853
      },
      "Erreger":{
        "p":0.8961593172,
        "r":0.9064748201,
        "f":0.9012875536
      },
      "Kultur":{
        "p":0.9357798165,
        "r":0.934351145,
        "f":0.9350649351
      },
      "BBCH_Stadium":{
        "p":0.8431372549,
        "r":0.8686868687,
        "f":0.855721393
      }
    },
    "tok2vec_loss":851.3364171668,
    "ner_loss":545.453577989
  }
}