{
  "token_acc":1.0,
  "token_p":1.0,
  "token_r":1.0,
  "token_f":1.0,
  "ents_p":0.7016393443,
  "ents_r":0.8991596639,
  "ents_f":0.788213628,
  "ents_per_type":{
    "Ort":{
      "p":0.0,
      "r":0.0,
      "f":0.0
    },
    "Kultur":{
      "p":0.9330543933,
      "r":0.9139344262,
      "f":0.9233954451
    },
    "Mittel":{
      "p":0.7156398104,
      "r":0.9320987654,
      "f":0.8096514745
    },
    "Erreger":{
      "p":0.8546712803,
      "r":0.8666666667,
      "f":0.8606271777
    },
    "BBCH_Stadium":{
      "p":0.9130434783,
      "r":0.9130434783,
      "f":0.9130434783
    },
    "Zeit":{
      "p":0.0,
      "r":0.0,
      "f":0.0
    },
    "Auftreten":{
      "p":0.0,
      "r":0.0,
      "f":0.0
    },
    "Witterung":{
      "p":0.0,
      "r":0.0,
      "f":0.0
    }
  },
  "speed":26708.5385527394
}