{
  "token_acc":1.0,
  "token_p":1.0,
  "token_r":1.0,
  "token_f":1.0,
  "ents_p":0.8947368421,
  "ents_r":0.9047619048,
  "ents_f":0.8997214485,
  "ents_per_type":{
    "Mittel":{
      "p":0.9189189189,
      "r":0.8395061728,
      "f":0.8774193548
    },
    "Kultur":{
      "p":0.9193548387,
      "r":0.9344262295,
      "f":0.9268292683
    },
    "Erreger":{
      "p":0.8697068404,
      "r":0.9368421053,
      "f":0.902027027
    },
    "BBCH_Stadium":{
      "p":0.7894736842,
      "r":0.652173913,
      "f":0.7142857143
    }
  },
  "speed":28889.352476177
}