{
  "token_acc":1.0,
  "token_p":1.0,
  "token_r":1.0,
  "token_f":1.0,
  "ents_p":0.8068880689,
  "ents_r":0.918767507,
  "ents_f":0.8592010478,
  "ents_per_type":{
    "Ort":{
      "p":0.0,
      "r":0.0,
      "f":0.0
    },
    "Mittel":{
      "p":0.7435897436,
      "r":0.8950617284,
      "f":0.81232493
    },
    "Kultur":{
      "p":0.9193548387,
      "r":0.9344262295,
      "f":0.9268292683
    },
    "Erreger":{
      "p":0.8562300319,
      "r":0.9403508772,
      "f":0.8963210702
    },
    "BBCH_Stadium":{
      "p":0.75,
      "r":0.652173913,
      "f":0.6976744186
    },
    "Auftreten":{
      "p":0.0,
      "r":0.0,
      "f":0.0
    }
  },
  "speed":27088.3042040431
}